legal_code,status,legal_name,last_token,region_group,frame_population_dongs,frame_screened_dongs,frame_sampling_probability,frame_weight,total_units,screen_ok,screen_error
1111010100,존재,서울특별시 종로구 청운동,청운동,서울,467,120,0.2569593147751606,3.8916666666666666,976,True,
1111010900,존재,서울특별시 종로구 누상동,누상동,서울,467,120,0.2569593147751606,3.8916666666666666,2210,True,
1111011500,존재,서울특별시 종로구 사직동,사직동,서울,467,120,0.2569593147751606,3.8916666666666666,2012,True,
1111012600,존재,서울특별시 종로구 종로1가,종로1가,서울,467,120,0.2569593147751606,3.8916666666666666,0,True,
1111013000,존재,서울특별시 종로구 와룡동,와룡동,서울,467,120,0.2569593147751606,3.8916666666666666,0,True,
1111013500,존재,서울특별시 종로구 관철동,관철동,서울,467,120,0.2569593147751606,3.8916666666666666,44,True,
1111013900,존재,서울특별시 종로구 팔판동,팔판동,서울,467,120,0.2569593147751606,3.8916666666666666,0,True,
1111014100,존재,서울특별시 종로구 안국동,안국동,서울,467,120,0.2569593147751606,3.8916666666666666,26,True,
1111014400,존재,서울특별시 종로구 사간동,사간동,서울,467,120,0.2569593147751606,3.8916666666666666,0,True,
1111015300,존재,서울특별시 종로구 돈의동,돈의동,서울,467,120,0.2569593147751606,3.8916666666666666,0,True,
1111015400,존재,서울특별시 종로구 장사동,장사동,서울,467,120,0.2569593147751606,3.8916666666666666,0,True,
1111015500,존재,서울특별시 종로구 관수동,관수동,서울,467,120,0.2569593147751606,3.8916666666666666,48,True,
1111016000,존재,서울특별시 종로구 연지동,연지동,서울,467,120,0.2569593147751606,3.8916666666666666,376,True,
1111016100,존재,서울특별시 종로구 종로4가,종로4가,서울,467,120,0.2569593147751606,3.8916666666666666,0,True,
1111017600,존재,서울특별시 종로구 교남동,교남동,서울,467,120,0.2569593147751606,3.8916666666666666,0,True,
1111017900,존재,서울특별시 종로구 홍파동,홍파동,서울,467,120,0.2569593147751606,3.8916666666666666,2436,True,
1111018100,존재,서울특별시 종로구 행촌동,행촌동,서울,467,120,0.2569593147751606,3.8916666666666666,3294,True,
1111018300,존재,서울특별시 종로구 평창동,평창동,서울,467,120,0.2569593147751606,3.8916666666666666,5270,True,
1114010200,존재,서울특별시 중구 다동,다동,서울,467,120,0.2569593147751606,3.8916666666666666,0,True,
1114010400,존재,서울특별시 중구 을지로1가,을지로1가,서울,467,120,0.2569593147751606,3.8916666666666666,0,True,
1114010500,존재,서울특별시 중구 을지로2가,을지로2가,서울,467,120,0.2569593147751606,3.8916666666666666,0,True,
1114010600,존재,서울특별시 중구 남대문로1가,남대문로1가,서울,467,120,0.2569593147751606,3.8916666666666666,0,True,
1114010800,존재,서울특별시 중구 수하동,수하동,서울,467,120,0.2569593147751606,3.8916666666666666,0,True,
1114011000,존재,서울특별시 중구 수표동,수표동,서울,467,120,0.2569593147751606,3.8916666666666666,0,True,
1114011100,존재,서울특별시 중구 소공동,소공동,서울,467,120,0.2569593147751606,3.8916666666666666,0,True,
1114011500,존재,서울특별시 중구 남대문로2가,남대문로2가,서울,467,120,0.2569593147751606,3.8916666666666666,0,True,
1114012000,존재,서울특별시 중구 봉래동2가,봉래동2가,서울,467,120,0.2569593147751606,3.8916666666666666,0,True,
1114012100,존재,서울특별시 중구 회현동1가,회현동1가,서울,467,120,0.2569593147751606,3.8916666666666666,2200,True,
1114012200,존재,서울특별시 중구 회현동2가,회현동2가,서울,467,120,0.2569593147751606,3.8916666666666666,540,True,
1114012600,존재,서울특별시 중구 명동1가,명동1가,서울,467,120,0.2569593147751606,3.8916666666666666,0,True,
1114013000,존재,서울특별시 중구 남산동3가,남산동3가,서울,467,120,0.2569593147751606,3.8916666666666666,0,True,
1114013100,존재,서울특별시 중구 저동1가,저동1가,서울,467,120,0.2569593147751606,3.8916666666666666,0,True,
1114013900,존재,서울특별시 중구 필동3가,필동3가,서울,467,120,0.2569593147751606,3.8916666666666666,330,True,
1114014000,존재,서울특별시 중구 남학동,남학동,서울,467,120,0.2569593147751606,3.8916666666666666,0,True,
1114014400,존재,서울특별시 중구 장충동2가,장충동2가,서울,467,120,0.2569593147751606,3.8916666666666666,3094,True,
1114014700,존재,서울특별시 중구 쌍림동,쌍림동,서울,467,120,0.2569593147751606,3.8916666666666666,78,True,
1114015100,존재,서울특별시 중구 을지로5가,을지로5가,서울,467,120,0.2569593147751606,3.8916666666666666,86,True,
1114015200,존재,서울특별시 중구 주교동,주교동,서울,467,120,0.2569593147751606,3.8916666666666666,52,True,
1114015400,존재,서울특별시 중구 오장동,오장동,서울,467,120,0.2569593147751606,3.8916666666666666,558,True,
1114016200,존재,서울특별시 중구 신당동,신당동,서울,467,120,0.2569593147751606,3.8916666666666666,34170,True,
1114016400,존재,서울특별시 중구 무학동,무학동,서울,467,120,0.2569593147751606,3.8916666666666666,52,True,
1114016600,존재,서울특별시 중구 서소문동,서소문동,서울,467,120,0.2569593147751606,3.8916666666666666,0,True,
1114017100,존재,서울특별시 중구 중림동,중림동,서울,467,120,0.2569593147751606,3.8916666666666666,3344,True,
1117010300,존재,서울특별시 용산구 용산동4가,용산동4가,서울,467,120,0.2569593147751606,3.8916666666666666,0,True,
1117010600,존재,서울특별시 용산구 용산동1가,용산동1가,서울,467,120,0.2569593147751606,3.8916666666666666,0,True,
1117012000,존재,서울특별시 용산구 도원동,도원동,서울,467,120,0.2569593147751606,3.8916666666666666,3048,True,
1117012100,존재,서울특별시 용산구 용문동,용문동,서울,467,120,0.2569593147751606,3.8916666666666666,3724,True,
1117012700,존재,서울특별시 용산구 용산동5가,용산동5가,서울,467,120,0.2569593147751606,3.8916666666666666,1776,True,
1117012800,존재,서울특별시 용산구 한강로3가,한강로3가,서울,467,120,0.2569593147751606,3.8916666666666666,5302,True,
1117012900,존재,서울특별시 용산구 이촌동,이촌동,서울,467,120,0.2569593147751606,3.8916666666666666,25518,True,
1117013000,존재,서울특별시 용산구 이태원동,이태원동,서울,467,120,0.2569593147751606,3.8916666666666666,6959,True,
1117013400,존재,서울특별시 용산구 주성동,주성동,서울,467,120,0.2569593147751606,3.8916666666666666,342,True,
1117013500,존재,서울특별시 용산구 용산동6가,용산동6가,서울,467,120,0.2569593147751606,3.8916666666666666,0,True,
1117013600,존재,서울특별시 용산구 보광동,보광동,서울,467,120,0.2569593147751606,3.8916666666666666,3016,True,
1120010200,존재,서울특별시 성동구 하왕십리동,하왕십리동,서울,467,120,0.2569593147751606,3.8916666666666666,16850,True,
1120011500,존재,서울특별시 성동구 성수동2가,성수동2가,서울,467,120,0.2569593147751606,3.8916666666666666,11054,True,
1120012200,존재,서울특별시 성동구 용답동,용답동,서울,467,120,0.2569593147751606,3.8916666666666666,2954,True,
1121510300,존재,서울특별시 광진구 구의동,구의동,서울,467,120,0.2569593147751606,3.8916666666666666,40850,True,
1121510700,존재,서울특별시 광진구 화양동,화양동,서울,467,120,0.2569593147751606,3.8916666666666666,8248,True,
1123010200,존재,서울특별시 동대문구 용두동,용두동,서울,467,120,0.2569593147751606,3.8916666666666666,16996,True,
1123010400,존재,서울특별시 동대문구 전농동,전농동,서울,467,120,0.2569593147751606,3.8916666666666666,20812,True,
1123010500,존재,서울특별시 동대문구 답십리동,답십리동,서울,467,120,0.2569593147751606,3.8916666666666666,30215,True,
1123011000,존재,서울특별시 동대문구 이문동,이문동,서울,467,120,0.2569593147751606,3.8916666666666666,16004,True,
1126010100,존재,서울특별시 중랑구 면목동,면목동,서울,467,120,0.2569593147751606,3.8916666666666666,61304,True,
1126010200,존재,서울특별시 중랑구 상봉동,상봉동,서울,467,120,0.2569593147751606,3.8916666666666666,27507,True,
1129010100,존재,서울특별시 성북구 성북동,성북동,서울,467,120,0.2569593147751606,3.8916666666666666,4042,True,
1129010300,존재,서울특별시 성북구 돈암동,돈암동,서울,467,120,0.2569593147751606,3.8916666666666666,24114,True,
1129010800,존재,서울특별시 성북구 동소문동5가,동소문동5가,서울,467,120,0.2569593147751606,3.8916666666666666,782,True,
1129011600,존재,서울특별시 성북구 동선동1가,동선동1가,서울,467,120,0.2569593147751606,3.8916666666666666,486,True,
1129011900,존재,서울특별시 성북구 동선동4가,동선동4가,서울,467,120,0.2569593147751606,3.8916666666666666,504,True,
1129012100,존재,서울특별시 성북구 안암동1가,안암동1가,서울,467,120,0.2569593147751606,3.8916666666666666,1474,True,
1129012700,존재,서울특별시 성북구 보문동5가,보문동5가,서울,467,120,0.2569593147751606,3.8916666666666666,442,True,
1129013100,존재,서울특별시 성북구 보문동2가,보문동2가,서울,467,120,0.2569593147751606,3.8916666666666666,668,True,
1129013400,존재,서울특별시 성북구 길음동,길음동,서울,467,120,0.2569593147751606,3.8916666666666666,33654,True,
1129013700,존재,서울특별시 성북구 상월곡동,상월곡동,서울,467,120,0.2569593147751606,3.8916666666666666,3988,True,
1129013900,존재,서울특별시 성북구 석관동,석관동,서울,467,120,0.2569593147751606,3.8916666666666666,15880,True,
1130510400,존재,서울특별시 강북구 우이동,우이동,서울,467,120,0.2569593147751606,3.8916666666666666,7150,True,
1132010500,존재,서울특별시 도봉구 쌍문동,쌍문동,서울,467,120,0.2569593147751606,3.8916666666666666,49144,True,
1132010600,존재,서울특별시 도봉구 방학동,방학동,서울,467,120,0.2569593147751606,3.8916666666666666,44382,True,
1132010700,존재,서울특별시 도봉구 창동,창동,서울,467,120,0.2569593147751606,3.8916666666666666,77190,True,
1135010500,존재,서울특별시 노원구 상계동,상계동,서울,467,120,0.2569593147751606,3.8916666666666666,139969,True,
1135010600,존재,서울특별시 노원구 중계동,중계동,서울,467,120,0.2569593147751606,3.8916666666666666,74058,True,
1138010600,존재,서울특별시 은평구 대조동,대조동,서울,467,120,0.2569593147751606,3.8916666666666666,16662,True,
1138011000,존재,서울특별시 은평구 증산동,증산동,서울,467,120,0.2569593147751606,3.8916666666666666,10812,True,
1141010600,존재,서울특별시 서대문구 천연동,천연동,서울,467,120,0.2569593147751606,3.8916666666666666,2578,True,
1141011000,존재,서울특별시 서대문구 북아현동,북아현동,서울,467,120,0.2569593147751606,3.8916666666666666,14556,True,
1141011500,존재,서울특별시 서대문구 봉원동,봉원동,서울,467,120,0.2569593147751606,3.8916666666666666,20,True,
1141012000,존재,서울특별시 서대문구 남가좌동,남가좌동,서울,467,120,0.2569593147751606,3.8916666666666666,26348,True,
1144010400,존재,서울특별시 마포구 도화동,도화동,서울,467,120,0.2569593147751606,3.8916666666666666,11936,True,
1144010500,존재,서울특별시 마포구 용강동,용강동,서울,467,120,0.2569593147751606,3.8916666666666666,4696,True,
1144011100,존재,서울특별시 마포구 신수동,신수동,서울,467,120,0.2569593147751606,3.8916666666666666,8630,True,
1144012000,존재,서울특별시 마포구 서교동,서교동,서울,467,120,0.2569593147751606,3.8916666666666666,13246,True,
1144012600,존재,서울특별시 마포구 중동,중동,서울,467,120,0.2569593147751606,3.8916666666666666,6046,True,
1147010100,존재,서울특별시 양천구 신정동,신정동,서울,467,120,0.2569593147751606,3.8916666666666666,110864,True,
1147010300,존재,서울특별시 양천구 신월동,신월동,서울,467,120,0.2569593147751606,3.8916666666666666,77010,True,
1150010400,존재,서울특별시 강서구 가양동,가양동,서울,467,120,0.2569593147751606,3.8916666666666666,40138,True,
1150010500,존재,서울특별시 강서구 마곡동,마곡동,서울,467,120,0.2569593147751606,3.8916666666666666,32144,True,
1150011200,존재,서울특별시 강서구 오곡동,오곡동,서울,467,120,0.2569593147751606,3.8916666666666666,0,True,
1153010600,존재,서울특별시 구로구 고척동,고척동,서울,467,120,0.2569593147751606,3.8916666666666666,32182,True,
1153010700,존재,서울특별시 구로구 개봉동,개봉동,서울,467,120,0.2569593147751606,3.8916666666666666,56175,True,
1153010900,존재,서울특별시 구로구 궁동,궁동,서울,467,120,0.2569593147751606,3.8916666666666666,10898,True,
1156010100,존재,서울특별시 영등포구 영등포동,영등포동,서울,467,120,0.2569593147751606,3.8916666666666666,7570,True,
1156010600,존재,서울특별시 영등포구 영등포동5가,영등포동5가,서울,467,120,0.2569593147751606,3.8916666666666666,568,True,
1156010700,존재,서울특별시 영등포구 영등포동6가,영등포동6가,서울,467,120,0.2569593147751606,3.8916666666666666,694,True,
1156011100,존재,서울특별시 영등포구 당산동1가,당산동1가,서울,467,120,0.2569593147751606,3.8916666666666666,2839,True,
1156011200,존재,서울특별시 영등포구 당산동2가,당산동2가,서울,467,120,0.2569593147751606,3.8916666666666666,3738,True,
1156011400,존재,서울특별시 영등포구 당산동4가,당산동4가,서울,467,120,0.2569593147751606,3.8916666666666666,6912,True,
1156012000,존재,서울특별시 영등포구 문래동2가,문래동2가,서울,467,120,0.2569593147751606,3.8916666666666666,780,True,
1156013000,존재,서울특별시 영등포구 양평동6가,양평동6가,서울,467,120,0.2569593147751606,3.8916666666666666,2824,True,
1156013200,존재,서울특별시 영등포구 신길동,신길동,서울,467,120,0.2569593147751606,3.8916666666666666,50932,True,
1159010100,존재,서울특별시 동작구 노량진동,노량진동,서울,467,120,0.2569593147751606,3.8916666666666666,13070,True,
1159010400,존재,서울특별시 동작구 본동,본동,서울,467,120,0.2569593147751606,3.8916666666666666,6282,True,
1165010900,존재,서울특별시 서초구 내곡동,내곡동,서울,467,120,0.2569593147751606,3.8916666666666666,4738,True,
1168010400,존재,서울특별시 강남구 청담동,청담동,서울,467,120,0.2569593147751606,3.8916666666666666,16590,True,
1171010300,존재,서울특별시 송파구 풍납동,풍납동,서울,467,120,0.2569593147751606,3.8916666666666666,18698,True,
1171010900,존재,서울특별시 송파구 장지동,장지동,서울,467,120,0.2569593147751606,3.8916666666666666,26922,True,
1171011100,존재,서울특별시 송파구 방이동,방이동,서울,467,120,0.2569593147751606,3.8916666666666666,36912,True,
1174010200,존재,서울특별시 강동구 고덕동,고덕동,서울,467,120,0.2569593147751606,3.8916666666666666,30359,True,
1174010600,존재,서울특별시 강동구 둔촌동,둔촌동,서울,467,120,0.2569593147751606,3.8916666666666666,15670,True,
1174010700,존재,서울특별시 강동구 암사동,암사동,서울,467,120,0.2569593147751606,3.8916666666666666,39365,True,
2811010300,존재,인천광역시 중구 중앙동3가,중앙동3가,수도권(경기·인천),2280,120,0.05263157894736842,19.0,44,True,
2811012300,존재,인천광역시 중구 신생동,신생동,수도권(경기·인천),2280,120,0.05263157894736842,19.0,748,True,
2811013000,존재,인천광역시 중구 유동,유동,수도권(경기·인천),2280,120,0.05263157894736842,19.0,92,True,
2818510300,존재,인천광역시 연수구 연수동,연수동,수도권(경기·인천),2280,120,0.05263157894736842,19.0,37768,True,
2820010300,존재,인천광역시 남동구 만수동,만수동,수도권(경기·인천),2280,120,0.05263157894736842,19.0,92188,True,
2824511400,존재,인천광역시 계양구 평동,평동,수도권(경기·인천),2280,120,0.05263157894736842,19.0,0,True,
2824511800,존재,인천광역시 계양구 오류동,오류동,수도권(경기·인천),2280,120,0.05263157894736842,19.0,2416,True,
2871025023,존재,인천광역시 강화군 강화읍 국화리,국화리,수도권(경기·인천),2280,120,0.05263157894736842,19.0,432,True,
2871025026,존재,인천광역시 강화군 강화읍 용정리,용정리,수도권(경기·인천),2280,120,0.05263157894736842,19.0,1090,True,
2871031024,존재,인천광역시 강화군 선원면 신정리,신정리,수도권(경기·인천),2280,120,0.05263157894736842,19.0,46,True,
2871034023,존재,인천광역시 강화군 화도면 문산리,문산리,수도권(경기·인천),2280,120,0.05263157894736842,19.0,0,True,
2871035028,존재,인천광역시 강화군 양도면 조산리,조산리,수도권(경기·인천),2280,120,0.05263157894736842,19.0,0,True,
2871041021,존재,인천광역시 강화군 삼산면 석모리,석모리,수도권(경기·인천),2280,120,0.05263157894736842,19.0,56,True,
2872031024,존재,인천광역시 옹진군 북도면 장봉리,장봉리,수도권(경기·인천),2280,120,0.05263157894736842,19.0,12,True,
2872035024,존재,인천광역시 옹진군 덕적면 소야리,소야리,수도권(경기·인천),2280,120,0.05263157894736842,19.0,0,True,
2872036023,존재,인천광역시 옹진군 영흥면 선재리,선재리,수도권(경기·인천),2280,120,0.05263157894736842,19.0,128,True,
2872037023,존재,인천광역시 옹진군 자월면 승봉리,승봉리,수도권(경기·인천),2280,120,0.05263157894736842,19.0,0,True,
4111312900,존재,경기도 수원시 권선구 오목천동,오목천동,수도권(경기·인천),2280,120,0.05263157894736842,19.0,17050,True,
4111513600,존재,경기도 수원시 팔달구 매산로3가,매산로3가,수도권(경기·인천),2280,120,0.05263157894736842,19.0,1630,True,
4113110600,존재,경기도 성남시 수정구 양지동,양지동,수도권(경기·인천),2280,120,0.05263157894736842,19.0,4052,True,
4113313200,존재,경기도 성남시 중원구 중앙동,중앙동,수도권(경기·인천),2280,120,0.05263157894736842,19.0,9888,True,
4115011300,존재,경기도 의정부시 산곡동,산곡동,수도권(경기·인천),2280,120,0.05263157894736842,19.0,14330,True,
4117110200,존재,경기도 안양시 만안구 석수동,석수동,수도권(경기·인천),2280,120,0.05263157894736842,19.0,40982,True,
4119210400,존재,경기도 부천시 원미구 도당동,도당동,수도권(경기·인천),2280,120,0.05263157894736842,19.0,14320,True,
4121010400,존재,경기도 광명시 소하동,소하동,수도권(경기·인천),2280,120,0.05263157894736842,19.0,36306,True,
4122010100,존재,경기도 평택시 서정동,서정동,수도권(경기·인천),2280,120,0.05263157894736842,19.0,31446,True,
4122011700,존재,경기도 평택시 합정동,합정동,수도권(경기·인천),2280,120,0.05263157894736842,19.0,11296,True,
4122025036,존재,경기도 평택시 팽성읍 노양리,노양리,수도권(경기·인천),2280,120,0.05263157894736842,19.0,72,True,
4122025044,존재,경기도 평택시 팽성읍 대추리,대추리,수도권(경기·인천),2280,120,0.05263157894736842,19.0,0,True,
4122025322,존재,경기도 평택시 안중읍 학현리,학현리,수도권(경기·인천),2280,120,0.05263157894736842,19.0,700,True,
4122031030,존재,경기도 평택시 진위면 견산리,견산리,수도권(경기·인천),2280,120,0.05263157894736842,19.0,3084,True,
4122032026,존재,경기도 평택시 서탄면 회화리,회화리,수도권(경기·인천),2280,120,0.05263157894736842,19.0,0,True,
4122032027,존재,경기도 평택시 서탄면 적봉리,적봉리,수도권(경기·인천),2280,120,0.05263157894736842,19.0,0,True,
4122033028,존재,경기도 평택시 고덕면 방축리,방축리,수도권(경기·인천),2280,120,0.05263157894736842,19.0,96,True,
4127310700,존재,경기도 안산시 단원구 초지동,초지동,수도권(경기·인천),2280,120,0.05263157894736842,19.0,30782,True,
4127311300,존재,경기도 안산시 단원구 선감동,선감동,수도권(경기·인천),2280,120,0.05263157894736842,19.0,0,True,
4128110700,존재,경기도 고양시 덕양구 북한동,북한동,수도권(경기·인천),2280,120,0.05263157894736842,19.0,0,True,
4128111100,존재,경기도 고양시 덕양구 삼송동,삼송동,수도권(경기·인천),2280,120,0.05263157894736842,19.0,9938,True,
4128111400,존재,경기도 고양시 덕양구 벽제동,벽제동,수도권(경기·인천),2280,120,0.05263157894736842,19.0,916,True,
4128111600,존재,경기도 고양시 덕양구 고양동,고양동,수도권(경기·인천),2280,120,0.05263157894736842,19.0,17122,True,
4128710500,존재,경기도 고양시 일산서구 덕이동,덕이동,수도권(경기·인천),2280,120,0.05263157894736842,19.0,20534,True,
4136025625,존재,경기도 남양주시 화도읍 금남리,금남리,수도권(경기·인천),2280,120,0.05263157894736842,19.0,450,True,
4137010700,존재,경기도 오산시 금암동,금암동,수도권(경기·인천),2280,120,0.05263157894736842,19.0,16924,True,
4137011500,존재,경기도 오산시 서랑동,서랑동,수도권(경기·인천),2280,120,0.05263157894736842,19.0,0,True,
4137011800,존재,경기도 오산시 두곡동,두곡동,수도권(경기·인천),2280,120,0.05263157894736842,19.0,0,True,
4139012000,존재,경기도 시흥시 하상동,하상동,수도권(경기·인천),2280,120,0.05263157894736842,19.0,4958,True,
4145010200,존재,경기도 하남시 하산곡동,하산곡동,수도권(경기·인천),2280,120,0.05263157894736842,19.0,134,True,
4145010800,존재,경기도 하남시 덕풍동,덕풍동,수도권(경기·인천),2280,120,0.05263157894736842,19.0,31724,True,
4145011400,존재,경기도 하남시 감일동,감일동,수도권(경기·인천),2280,120,0.05263157894736842,19.0,8594,True,
4145011700,존재,경기도 하남시 교산동,교산동,수도권(경기·인천),2280,120,0.05263157894736842,19.0,10,True,
4146125323,존재,경기도 용인시 처인구 모현읍 초부리,초부리,수도권(경기·인천),2280,120,0.05263157894736842,19.0,308,True,
4148010900,존재,경기도 파주시 다율동,다율동,수도권(경기·인천),2280,120,0.05263157894736842,19.0,20588,True,
4148026222,존재,경기도 파주시 조리읍 뇌조리,뇌조리,수도권(경기·인천),2280,120,0.05263157894736842,19.0,90,True,
4148026225,존재,경기도 파주시 조리읍 오산리,오산리,수도권(경기·인천),2280,120,0.05263157894736842,19.0,418,True,
4148038023,존재,경기도 파주시 군내면 조산리,조산리,수도권(경기·인천),2280,120,0.05263157894736842,19.0,0,True,
4150010600,존재,경기도 이천시 진리동,진리동,수도권(경기·인천),2280,120,0.05263157894736842,19.0,162,True,
4150025022,존재,경기도 이천시 장호원읍 오남리,오남리,수도권(경기·인천),2280,120,0.05263157894736842,19.0,32,True,
4150025025,존재,경기도 이천시 장호원읍 대서리,대서리,수도권(경기·인천),2280,120,0.05263157894736842,19.0,0,True,
4150025032,존재,경기도 이천시 장호원읍 풍계리,풍계리,수도권(경기·인천),2280,120,0.05263157894736842,19.0,0,True,
4150035025,존재,경기도 이천시 대월면 초지리,초지리,수도권(경기·인천),2280,120,0.05263157894736842,19.0,1796,True,
4150035033,존재,경기도 이천시 대월면 장평리,장평리,수도권(경기·인천),2280,120,0.05263157894736842,19.0,0,True,
4150037024,존재,경기도 이천시 설성면 제요리,제요리,수도권(경기·인천),2280,120,0.05263157894736842,19.0,0,True,
4150038026,존재,경기도 이천시 율면 석산리,석산리,수도권(경기·인천),2280,120,0.05263157894736842,19.0,0,True,
4155011500,존재,경기도 안성시 연지동,연지동,수도권(경기·인천),2280,120,0.05263157894736842,19.0,130,True,
4155013000,존재,경기도 안성시 신모산동,신모산동,수도권(경기·인천),2280,120,0.05263157894736842,19.0,100,True,
4155025026,존재,경기도 안성시 공도읍 승두리,승두리,수도권(경기·인천),2280,120,0.05263157894736842,19.0,8272,True,
4155025031,존재,경기도 안성시 공도읍 진사리,진사리,수도권(경기·인천),2280,120,0.05263157894736842,19.0,10884,True,
4155031030,존재,경기도 안성시 보개면 내방리,내방리,수도권(경기·인천),2280,120,0.05263157894736842,19.0,0,True,
4155031037,존재,경기도 안성시 보개면 동평리,동평리,수도권(경기·인천),2280,120,0.05263157894736842,19.0,0,True,
4155033023,존재,경기도 안성시 서운면 송정리,송정리,수도권(경기·인천),2280,120,0.05263157894736842,19.0,0,True,
4155034026,존재,경기도 안성시 미양면 용두리,용두리,수도권(경기·인천),2280,120,0.05263157894736842,19.0,0,True,
4155034032,존재,경기도 안성시 미양면 양지리,양지리,수도권(경기·인천),2280,120,0.05263157894736842,19.0,36,True,
4155035032,존재,경기도 안성시 대덕면 무능리,무능리,수도권(경기·인천),2280,120,0.05263157894736842,19.0,0,True,
4155038027,존재,경기도 안성시 원곡면 반제리,반제리,수도권(경기·인천),2280,120,0.05263157894736842,19.0,788,True,
4155038028,존재,경기도 안성시 원곡면 성주리,성주리,수도권(경기·인천),2280,120,0.05263157894736842,19.0,0,True,
4155039035,존재,경기도 안성시 일죽면 화봉리,화봉리,수도권(경기·인천),2280,120,0.05263157894736842,19.0,0,True,
4157034021,존재,경기도 김포시 대곶면 대능리,대능리,수도권(경기·인천),2280,120,0.05263157894736842,19.0,156,True,
4157034028,존재,경기도 김포시 대곶면 오니산리,오니산리,수도권(경기·인천),2280,120,0.05263157894736842,19.0,0,True,
4157036025,존재,경기도 김포시 하성면 마조리,마조리,수도권(경기·인천),2280,120,0.05263157894736842,19.0,0,True,
4159011700,존재,경기도 화성시 병점동,병점동,수도권(경기·인천),2280,120,0.05263157894736842,19.0,20912,True,
4159012600,존재,경기도 화성시 안녕동,안녕동,수도권(경기·인천),2280,120,0.05263157894736842,19.0,7192,True,
4159012800,존재,경기도 화성시 석우동,석우동,수도권(경기·인천),2280,120,0.05263157894736842,19.0,4142,True,
4159013000,존재,경기도 화성시 청계동,청계동,수도권(경기·인천),2280,120,0.05263157894736842,19.0,16445,True,
4159013200,존재,경기도 화성시 중동,중동,수도권(경기·인천),2280,120,0.05263157894736842,19.0,0,True,
4159025333,존재,경기도 화성시 봉담읍 덕리,덕리,수도권(경기·인천),2280,120,0.05263157894736842,19.0,0,True,
4159025623,존재,경기도 화성시 우정읍 운평리,운평리,수도권(경기·인천),2280,120,0.05263157894736842,19.0,0,True,
4159025929,존재,경기도 화성시 향남읍 백토리,백토리,수도권(경기·인천),2280,120,0.05263157894736842,19.0,0,True,
4159025938,존재,경기도 화성시 향남읍 도이리,도이리,수도권(경기·인천),2280,120,0.05263157894736842,19.0,20,True,
4159035026,존재,경기도 화성시 서신면 제부리,제부리,수도권(경기·인천),2280,120,0.05263157894736842,19.0,0,True,
4159041031,존재,경기도 화성시 정남면 제기리,제기리,수도권(경기·인천),2280,120,0.05263157894736842,19.0,0,True,
4159041039,존재,경기도 화성시 정남면 용수리,용수리,수도권(경기·인천),2280,120,0.05263157894736842,19.0,37,True,
4161025926,존재,경기도 광주시 곤지암읍 이선리,이선리,수도권(경기·인천),2280,120,0.05263157894736842,19.0,16,True,
4161025929,존재,경기도 광주시 곤지암읍 삼합리,삼합리,수도권(경기·인천),2280,120,0.05263157894736842,19.0,0,True,
4161025932,존재,경기도 광주시 곤지암읍 연곡리,연곡리,수도권(경기·인천),2280,120,0.05263157894736842,19.0,14,True,
4161033021,존재,경기도 광주시 도척면 노곡리,노곡리,수도권(경기·인천),2280,120,0.05263157894736842,19.0,522,True,
4161037021,존재,경기도 광주시 남한산성면 산성리,산성리,수도권(경기·인천),2280,120,0.05263157894736842,19.0,0,True,
4161037023,존재,경기도 광주시 남한산성면 광지원리,광지원리,수도권(경기·인천),2280,120,0.05263157894736842,19.0,0,True,
4163010900,존재,경기도 양주시 고읍동,고읍동,수도권(경기·인천),2280,120,0.05263157894736842,19.0,5824,True,
4163011000,존재,경기도 양주시 덕정동,덕정동,수도권(경기·인천),2280,120,0.05263157894736842,19.0,12662,True,
4165010400,존재,경기도 포천시 선단동,선단동,수도권(경기·인천),2280,120,0.05263157894736842,19.0,9990,True,
4165025021,존재,경기도 포천시 소흘읍 송우리,송우리,수도권(경기·인천),2280,120,0.05263157894736842,19.0,21558,True,
4165035024,존재,경기도 포천시 창수면 오가리,오가리,수도권(경기·인천),2280,120,0.05263157894736842,19.0,0,True,
4165035027,존재,경기도 포천시 창수면 신흥리,신흥리,수도권(경기·인천),2280,120,0.05263157894736842,19.0,0,True,
4165039023,존재,경기도 포천시 영북면 산정리,산정리,수도권(경기·인천),2280,120,0.05263157894736842,19.0,0,True,
4167031023,존재,경기도 여주시 점동면 덕평리,덕평리,수도권(경기·인천),2280,120,0.05263157894736842,19.0,0,True,
4167034529,존재,경기도 여주시 세종대왕면 마래리,마래리,수도권(경기·인천),2280,120,0.05263157894736842,19.0,0,True,
4167036021,존재,경기도 여주시 북내면 당우리,당우리,수도권(경기·인천),2280,120,0.05263157894736842,19.0,220,True,
4167036022,존재,경기도 여주시 북내면 신남리,신남리,수도권(경기·인천),2280,120,0.05263157894736842,19.0,0,True,
4167036030,존재,경기도 여주시 북내면 장암리,장암리,수도권(경기·인천),2280,120,0.05263157894736842,19.0,0,True,
4167037021,존재,경기도 여주시 강천면 간매리,간매리,수도권(경기·인천),2280,120,0.05263157894736842,19.0,0,True,
4167038027,존재,경기도 여주시 산북면 용담리,용담리,수도권(경기·인천),2280,120,0.05263157894736842,19.0,0,True,
4180025023,존재,경기도 연천군 연천읍 상리,상리,수도권(경기·인천),2280,120,0.05263157894736842,19.0,4,True,
4180025029,존재,경기도 연천군 연천읍 고문리,고문리,수도권(경기·인천),2280,120,0.05263157894736842,19.0,0,True,
4180031027,존재,경기도 연천군 군남면 남계리,남계리,수도권(경기·인천),2280,120,0.05263157894736842,19.0,0,True,
4180033028,존재,경기도 연천군 백학면 두현리,두현리,수도권(경기·인천),2280,120,0.05263157894736842,19.0,0,True,
4180035037,존재,경기도 연천군 왕징면 가천리,가천리,수도권(경기·인천),2280,120,0.05263157894736842,19.0,0,True,
4180036026,존재,경기도 연천군 신서면 승양리,승양리,수도권(경기·인천),2280,120,0.05263157894736842,19.0,0,True,
4182034524,존재,경기도 가평군 조종면 상판리,상판리,수도권(경기·인천),2280,120,0.05263157894736842,19.0,0,True,
4183035027,존재,경기도 양평군 서종면 노문리,노문리,수도권(경기·인천),2280,120,0.05263157894736842,19.0,0,True,
4183040031,존재,경기도 양평군 용문면 덕촌리,덕촌리,수도권(경기·인천),2280,120,0.05263157894736842,19.0,4,True,
2635010100,존재,부산광역시 해운대구 반송동,반송동,지방,16111,120,0.007448327229842964,134.25833333333333,19972,True,
2641010100,존재,부산광역시 금정구 두구동,두구동,지방,16111,120,0.007448327229842964,134.25833333333333,0,True,
2641010400,존재,부산광역시 금정구 남산동,남산동,지방,16111,120,0.007448327229842964,134.25833333333333,16666,True,
2671033026,존재,부산광역시 기장군 철마면 연구리,연구리,지방,16111,120,0.007448327229842964,134.25833333333333,0,True,
2711011000,존재,대구광역시 중구 상서동,상서동,지방,16111,120,0.007448327229842964,134.25833333333333,168,True,
2726010100,존재,대구광역시 수성구 범어동,범어동,지방,16111,120,0.007448327229842964,134.25833333333333,40204,True,
2771026228,존재,대구광역시 달성군 옥포읍 김흥리,김흥리,지방,16111,120,0.007448327229842964,134.25833333333333,10,True,
2771038021,존재,대구광역시 달성군 구지면 창리,창리,지방,16111,120,0.007448327229842964,134.25833333333333,5054,True,
2914012600,존재,광주광역시 서구 세하동,세하동,지방,16111,120,0.007448327229842964,134.25833333333333,0,True,
3011013300,존재,대전광역시 동구 내탑동,내탑동,지방,16111,120,0.007448327229842964,134.25833333333333,0,True,
3014011800,존재,대전광역시 중구 사정동,사정동,지방,16111,120,0.007448327229842964,134.25833333333333,3530,True,
3120011400,존재,울산광역시 북구 신명동,신명동,지방,16111,120,0.007448327229842964,134.25833333333333,0,True,
3611025022,존재,세종특별자치시 조치원읍 상리,상리,지방,16111,120,0.007448327229842964,134.25833333333333,398,True,
3611035031,존재,세종특별자치시 장군면 송학리,송학리,지방,16111,120,0.007448327229842964,134.25833333333333,0,True,
3611035033,존재,세종특별자치시 장군면 용암리,용암리,지방,16111,120,0.007448327229842964,134.25833333333333,0,True,
4311132039,존재,충청북도 청주시 상당구 미원면 옥화리,옥화리,지방,16111,120,0.007448327229842964,134.25833333333333,0,True,
4311331035,존재,충청북도 청주시 흥덕구 강내면 학천리,학천리,지방,16111,120,0.007448327229842964,134.25833333333333,64,True,
4313042030,존재,충청북도 충주시 엄정면 유봉리,유봉리,지방,16111,120,0.007448327229842964,134.25833333333333,0,True,
4315032037,존재,충청북도 제천시 청풍면 신리,신리,지방,16111,120,0.007448327229842964,134.25833333333333,0,True,
4374031029,존재,충청북도 영동군 용산면 가곡리,가곡리,지방,16111,120,0.007448327229842964,134.25833333333333,0,True,
4380025027,존재,충청북도 단양군 단양읍 상진리,상진리,지방,16111,120,0.007448327229842964,134.25833333333333,3130,True,
4413125025,존재,충청남도 천안시 동남구 목천읍 덕전리,덕전리,지방,16111,120,0.007448327229842964,134.25833333333333,0,True,
4415031034,존재,충청남도 공주시 이인면 반송리,반송리,지방,16111,120,0.007448327229842964,134.25833333333333,0,True,
4415032025,존재,충청남도 공주시 탄천면 덕지리,덕지리,지방,16111,120,0.007448327229842964,134.25833333333333,0,True,
4415033035,존재,충청남도 공주시 계룡면 죽곡리,죽곡리,지방,16111,120,0.007448327229842964,134.25833333333333,0,True,
4415033037,존재,충청남도 공주시 계룡면 유평리,유평리,지방,16111,120,0.007448327229842964,134.25833333333333,0,True,
4415038026,존재,충청남도 공주시 우성면 도천리,도천리,지방,16111,120,0.007448327229842964,134.25833333333333,0,True,
4421034029,존재,충청남도 서산시 지곡면 무장리,무장리,지방,16111,120,0.007448327229842964,134.25833333333333,3960,True,
4471039030,존재,충청남도 금산군 추부면 서대리,서대리,지방,16111,120,0.007448327229842964,134.25833333333333,0,True,
4477031033,존재,충청남도 서천군 마서면 도삼리,도삼리,지방,16111,120,0.007448327229842964,134.25833333333333,0,True,
4479031021,존재,충청남도 청양군 운곡면 위라리,위라리,지방,16111,120,0.007448327229842964,134.25833333333333,0,True,
4480025631,존재,충청남도 홍성군 홍북읍 산수리,산수리,지방,16111,120,0.007448327229842964,134.25833333333333,0,True,
4480037030,존재,충청남도 홍성군 서부면 판교리,판교리,지방,16111,120,0.007448327229842964,134.25833333333333,0,True,
4481035025,존재,충청남도 예산군 응봉면 평촌리,평촌리,지방,16111,120,0.007448327229842964,134.25833333333333,4,True,
4481037024,존재,충청남도 예산군 봉산면 사석리,사석리,지방,16111,120,0.007448327229842964,134.25833333333333,8,True,
4481039025,존재,충청남도 예산군 신암면 하평리,하평리,지방,16111,120,0.007448327229842964,134.25833333333333,0,True,
4611016400,존재,전라남도 목포시 옥암동,옥암동,지방,16111,120,0.007448327229842964,134.25833333333333,35506,True,
4613013600,존재,전라남도 여수시 여천동,여천동,지방,16111,120,0.007448327229842964,134.25833333333333,0,True,
4613033025,존재,전라남도 여수시 화양면 옥적리,옥적리,지방,16111,120,0.007448327229842964,134.25833333333333,0,True,
4613035028,존재,전라남도 여수시 화정면 조발리,조발리,지방,16111,120,0.007448327229842964,134.25833333333333,0,True,
4615035025,존재,전라남도 순천시 주암면 창촌리,창촌리,지방,16111,120,0.007448327229842964,134.25833333333333,0,True,
4672039030,존재,전라남도 곡성군 겸면 운교리,운교리,지방,16111,120,0.007448327229842964,134.25833333333333,0,True,
4679031030,존재,전라남도 화순군 한천면 동가리,동가리,지방,16111,120,0.007448327229842964,134.25833333333333,0,True,
4679032025,존재,전라남도 화순군 춘양면 양곡리,양곡리,지방,16111,120,0.007448327229842964,134.25833333333333,0,True,
4679039530,존재,전라남도 화순군 백아면 이천리,이천리,지방,16111,120,0.007448327229842964,134.25833333333333,0,True,
4679040028,존재,전라남도 화순군 동복면 연월리,연월리,지방,16111,120,0.007448327229842964,134.25833333333333,0,True,
4680036025,존재,전라남도 장흥군 부산면 용반리,용반리,지방,16111,120,0.007448327229842964,134.25833333333333,0,True,
4681032031,존재,전라남도 강진군 칠량면 흥학리,흥학리,지방,16111,120,0.007448327229842964,134.25833333333333,0,True,
4682035027,존재,전라남도 해남군 북평면 동해리,동해리,지방,16111,120,0.007448327229842964,134.25833333333333,0,True,
4690035022,존재,전라남도 진도군 지산면 관마리,관마리,지방,16111,120,0.007448327229842964,134.25833333333333,0,True,
4690035025,존재,전라남도 진도군 지산면 앵무리,앵무리,지방,16111,120,0.007448327229842964,134.25833333333333,0,True,
4691040028,존재,전라남도 신안군 안좌면 향목리,향목리,지방,16111,120,0.007448327229842964,134.25833333333333,0,True,
4711310900,존재,경상북도 포항시 북구 대신동,대신동,지방,16111,120,0.007448327229842964,134.25833333333333,1158,True,
4713025622,존재,경상북도 경주시 건천읍 용명리,용명리,지방,16111,120,0.007448327229842964,134.25833333333333,0,True,
4713025623,존재,경상북도 경주시 건천읍 신평리,신평리,지방,16111,120,0.007448327229842964,134.25833333333333,0,True,
4713037023,존재,경상북도 경주시 강동면 안계리,안계리,지방,16111,120,0.007448327229842964,134.25833333333333,0,True,
4715034026,존재,경상북도 김천시 개령면 양천리,양천리,지방,16111,120,0.007448327229842964,134.25833333333333,0,True,
4717041029,존재,경상북도 안동시 예안면 신남리,신남리,지방,16111,120,0.007448327229842964,134.25833333333333,0,True,
4719034034,존재,경상북도 구미시 해평면 낙산리,낙산리,지방,16111,120,0.007448327229842964,134.25833333333333,0,True,
4721037025,존재,경상북도 영주시 순흥면 내죽리,내죽리,지방,16111,120,0.007448327229842964,134.25833333333333,0,True,
4723031025,존재,경상북도 영천시 청통면 대평리,대평리,지방,16111,120,0.007448327229842964,134.25833333333333,0,True,
4725034021,존재,경상북도 상주시 청리면 원장리,원장리,지방,16111,120,0.007448327229842964,134.25833333333333,0,True,
4728010900,존재,경상북도 문경시 공평동,공평동,지방,16111,120,0.007448327229842964,134.25833333333333,408,True,
4728025324,존재,경상북도 문경시 가은읍 작천리,작천리,지방,16111,120,0.007448327229842964,134.25833333333333,0,True,
4728034040,존재,경상북도 문경시 산북면 지내리,지내리,지방,16111,120,0.007448327229842964,134.25833333333333,0,True,
4729025022,존재,경상북도 경산시 하양읍 동서리,동서리,지방,16111,120,0.007448327229842964,134.25833333333333,4832,True,
4773036029,존재,경상북도 의성군 가음면 이리,이리,지방,16111,120,0.007448327229842964,134.25833333333333,0,True,
4773039048,존재,경상북도 의성군 비안면 장춘리,장춘리,지방,16111,120,0.007448327229842964,134.25833333333333,0,True,
4773040033,존재,경상북도 의성군 구천면 조성리,조성리,지방,16111,120,0.007448327229842964,134.25833333333333,0,True,
4776025024,존재,경상북도 영양군 영양읍 전곡리,전곡리,지방,16111,120,0.007448327229842964,134.25833333333333,0,True,
4776031042,존재,경상북도 영양군 입암면 산해리,산해리,지방,16111,120,0.007448327229842964,134.25833333333333,36,True,
4782034041,존재,경상북도 청도군 이서면 구라리,구라리,지방,16111,120,0.007448327229842964,134.25833333333333,0,True,
4782037057,존재,경상북도 청도군 매전면 관하리,관하리,지방,16111,120,0.007448327229842964,134.25833333333333,0,True,
4783031040,존재,경상북도 고령군 덕곡면 후암리,후암리,지방,16111,120,0.007448327229842964,134.25833333333333,0,True,
4790034041,존재,경상북도 예천군 감천면 벌방리,벌방리,지방,16111,120,0.007448327229842964,134.25833333333333,0,True,
4790038024,존재,경상북도 예천군 용궁면 무이리,무이리,지방,16111,120,0.007448327229842964,134.25833333333333,0,True,
4790038030,존재,경상북도 예천군 용궁면 송암리,송암리,지방,16111,120,0.007448327229842964,134.25833333333333,0,True,
4793031032,존재,경상북도 울진군 북면 신화리,신화리,지방,16111,120,0.007448327229842964,134.25833333333333,0,True,
4812132029,존재,경상남도 창원시 의창구 대산면 대방리,대방리,지방,16111,120,0.007448327229842964,134.25833333333333,0,True,
4817012600,존재,경상남도 진주시 평거동,평거동,지방,16111,120,0.007448327229842964,134.25833333333333,24154,True,
4817040022,존재,경상남도 진주시 대곡면 광석리,광석리,지방,16111,120,0.007448327229842964,134.25833333333333,106,True,
4817046025,존재,경상남도 진주시 수곡면 효자리,효자리,지방,16111,120,0.007448327229842964,134.25833333333333,0,True,
4822034027,존재,경상남도 통영시 광도면 안정리,안정리,지방,16111,120,0.007448327229842964,134.25833333333333,3190,True,
4824011300,존재,경상남도 사천시 이홀동,이홀동,지방,16111,120,0.007448327229842964,134.25833333333333,0,True,
4824011900,존재,경상남도 사천시 마도동,마도동,지방,16111,120,0.007448327229842964,134.25833333333333,0,True,
4827035022,존재,경상남도 밀양시 단장면 단장리,단장리,지방,16111,120,0.007448327229842964,134.25833333333333,0,True,
4827036023,존재,경상남도 밀양시 상남면 연금리,연금리,지방,16111,120,0.007448327229842964,134.25833333333333,200,True,
4831036022,존재,경상남도 거제시 사등면 사등리,사등리,지방,16111,120,0.007448327229842964,134.25833333333333,0,True,
4874025022,존재,경상남도 창녕군 창녕읍 교리,교리,지방,16111,120,0.007448327229842964,134.25833333333333,1506,True,
4874035023,존재,경상남도 창녕군 유어면 가항리,가항리,지방,16111,120,0.007448327229842964,134.25833333333333,0,True,
4874036026,존재,경상남도 창녕군 대지면 본초리,본초리,지방,16111,120,0.007448327229842964,134.25833333333333,0,True,
4882031026,존재,경상남도 고성군 삼산면 판곡리,판곡리,지방,16111,120,0.007448327229842964,134.25833333333333,0,True,
4882034028,존재,경상남도 고성군 상리면 자은리,자은리,지방,16111,120,0.007448327229842964,134.25833333333333,0,True,
4882039024,존재,경상남도 고성군 구만면 저연리,저연리,지방,16111,120,0.007448327229842964,134.25833333333333,0,True,
4889041028,존재,경상남도 합천군 대양면 양산리,양산리,지방,16111,120,0.007448327229842964,134.25833333333333,0,True,
5011012900,존재,제주특별자치도 제주시 도남동,도남동,지방,16111,120,0.007448327229842964,134.25833333333333,9274,True,
5013032025,존재,제주특별자치도 서귀포시 표선면 세화리,세화리,지방,16111,120,0.007448327229842964,134.25833333333333,38,True,
5113010600,존재,강원특별자치도 원주시 명륜동,명륜동,지방,16111,120,0.007448327229842964,134.25833333333333,20808,True,
5115012200,존재,강원특별자치도 강릉시 유산동,유산동,지방,16111,120,0.007448327229842964,134.25833333333333,12,True,
5117012600,존재,강원특별자치도 동해시 이로동,이로동,지방,16111,120,0.007448327229842964,134.25833333333333,592,True,
5123034023,존재,강원특별자치도 삼척시 미로면 하거노리,하거노리,지방,16111,120,0.007448327229842964,134.25833333333333,0,True,
5173032027,존재,강원특별자치도 횡성군 안흥면 성산리,성산리,지방,16111,120,0.007448327229842964,134.25833333333333,0,True,
5177037021,존재,강원특별자치도 정선군 여량면 여량리,여량리,지방,16111,120,0.007448327229842964,134.25833333333333,62,True,
5181033023,존재,강원특별자치도 인제군 기린면 서리,서리,지방,16111,120,0.007448327229842964,134.25833333333333,0,True,
5182025328,존재,강원특별자치도 고성군 거진읍 석문리,석문리,지방,16111,120,0.007448327229842964,134.25833333333333,0,True,
5183035033,존재,강원특별자치도 양양군 강현면 방축리,방축리,지방,16111,120,0.007448327229842964,134.25833333333333,0,True,
5214039021,존재,전북특별자치도 익산시 여산면 여산리,여산리,지방,16111,120,0.007448327229842964,134.25833333333333,16,True,
5218010600,존재,전북특별자치도 정읍시 농소동,농소동,지방,16111,120,0.007448327229842964,134.25833333333333,1442,True,
5218038028,존재,전북특별자치도 정읍시 정우면 대산리,대산리,지방,16111,120,0.007448327229842964,134.25833333333333,0,True,
5221036025,존재,전북특별자치도 김제시 부량면 용성리,용성리,지방,16111,120,0.007448327229842964,134.25833333333333,0,True,
5271025024,존재,전북특별자치도 완주군 삼례읍 해전리,해전리,지방,16111,120,0.007448327229842964,134.25833333333333,0,True,
5271035022,존재,전북특별자치도 완주군 구이면 광곡리,광곡리,지방,16111,120,0.007448327229842964,134.25833333333333,6,True,
5274035021,존재,전북특별자치도 장수군 계남면 침곡리,침곡리,지방,16111,120,0.007448327229842964,134.25833333333333,0,True,
5275033025,존재,전북특별자치도 임실군 신평면 가덕리,가덕리,지방,16111,120,0.007448327229842964,134.25833333333333,0,True,
5277036033,존재,전북특별자치도 순창군 쌍치면 쌍계리,쌍계리,지방,16111,120,0.007448327229842964,134.25833333333333,0,True,
5277036036,존재,전북특별자치도 순창군 쌍치면 운암리,운암리,지방,16111,120,0.007448327229842964,134.25833333333333,0,True,
5279034031,존재,전북특별자치도 고창군 공음면 예전리,예전리,지방,16111,120,0.007448327229842964,134.25833333333333,0,True,
5279041025,존재,전북특별자치도 고창군 성내면 덕산리,덕산리,지방,16111,120,0.007448327229842964,134.25833333333333,0,True,
5279041026,존재,전북특별자치도 고창군 성내면 신성리,신성리,지방,16111,120,0.007448327229842964,134.25833333333333,0,True,
5280032023,존재,전북특별자치도 부안군 동진면 하장리,하장리,지방,16111,120,0.007448327229842964,134.25833333333333,0,True,
